INSERT IGNORE INTO categorias (id, nombre) VALUES
(1, 'Computación'),
(2, 'Accesorios'),
(3, 'Electrodomésticos'),
(4, 'Audio y Video'),
(5, 'Domótica'),
(6, 'Redes'),
(7, 'Gaming');

INSERT IGNORE INTO productos (id, nombre, descripcion, precio, stock, id_categoria) VALUES
(1, 'Laptop', 'Portátil con pantalla Full HD y SSD de 512GB', 89999, 10, 1),
(2, 'Smartphone', 'Teléfono con cámara de 108MP y carga rápida', 29999, 20, 1),
(3, 'Tablet', 'Dispositivo con pantalla táctil de 10 pulgadas', 24999, 15, 1),
(4, 'Auriculares', 'Audífonos inalámbricos con cancelación de ruido', 19999, 25, 1),
(5, 'Teclado', 'Teclado mecánico con iluminación RGB', 8999, 30, 2),
(6, 'Mouse', 'Ratón inalámbrico con sensor óptico de alta precisión', 4999, 18, 2),
(7, 'Monitor', 'Pantalla LED 4K de 27 pulgadas', 12999, 12, 4),
(8, 'Impresora', 'Láser multifuncional con Wi-Fi', 14999, 8, 4),
(9, 'Cámara', 'Cámara digital con lente profesional', 79999, 5, 4),
(10, 'Smartwatch', 'Reloj inteligente con GPS y monitoreo cardíaco', 19999, 22, 4),
(11, 'Silla Gamer', 'Silla ergonómica ajustable con soporte lumbar', 29999, 14, 7),
(12, 'Microondas', 'Horno microondas con múltiples funciones', 12999, 10, 3),
(13, 'Refrigerador', 'Refrigerador doble puerta con sistema No Frost', 49999, 6, 3),
(14, 'Lavadora', 'Lavadora automática con capacidad de 10kg', 39999, 7, 3),
(15, 'Cafetera', 'Cafetera espresso con vaporizador de leche', 14999, 9, 3),
(16, 'Drone', 'Drone con cámara 4K y estabilizador', 69999, 3, 1),
(17, 'Bocina Bluetooth', 'Altavoz portátil con sonido envolvente', 9999, 20, 4),
(18, 'Videocámara', 'Videocámara profesional con grabación en 4K', 49999, 4, 4),
(19, 'TV LED', 'Televisor inteligente de 55 pulgadas con HDR', 89999, 11, 4),
(20, 'Batería Externa', 'Batería de 20000mAh con carga rápida', 12999, 45, 2),
(21, 'Disco Duro', 'Disco duro externo de 2TB', 14999, 17, 2),
(22, 'Memoria USB', 'Pendrive de 128GB', 4999, 26, 2),
(23, 'Router', 'Router Wi-Fi 6 de alta velocidad', 9999, 9, 6),
(24, 'Joystick', 'Control inalámbrico para videojuegos', 12999, 13, 7),
(25, 'Fuente de Poder', 'Fuente de alimentación para PC de 750W', 8999, 32, 7),
(26, 'SSD', 'Unidad de almacenamiento SSD de 1TB', 14999, 12, 1),
(27, 'Altavoces', 'Par de bocinas estéreo con subwoofer', 13999, 23, 4),
(28, 'Webcam', 'Cámara web Full HD con micrófono integrado', 6999, 37, 2),
(29, 'Procesador', 'CPU Intel i7 de última generación', 19999, 9, 1),
(30, 'Motherboard', 'Placa base compatible con procesadores modernos', 17999, 14, 1),
(31, 'Memoria RAM', 'Módulo de RAM DDR4 de 16GB', 4999, 41, 1),
(32, 'Fuente Solar', 'Panel solar portátil con batería integrada', 24999, 5, 3),
(33, 'Control Remoto', 'Mando universal para TV y dispositivos', 2499, 30, 2),
(34, 'Termostato', 'Termostato digital programable', 14999, 8, 5),
(35, 'Smart Lock', 'Cerradura electrónica con huella digital', 22999, 6, 5),
(36, 'Proyector', 'Proyector LED con resolución Full HD', 19999, 11, 4),
(37, 'Switch Ethernet', 'Switch de red de 8 puertos', 5999, 38, 6),
(38, 'Reloj Digital', 'Reloj inteligente con pantalla AMOLED', 12999, 20, 4),
(39, 'Luces LED', 'Tiras LED RGB con control remoto', 3599, 55, 4),
(40, 'Estabilizador', 'Estabilizador de voltaje para dispositivos electrónicos', 6999, 16, 6),
(41, 'Cargador Inalámbrico', 'Base de carga inalámbrica rápida', 4999, 12, 2),
(42, 'HDD Externo', 'Disco duro portátil de 4TB', 17999, 15, 1),
(43, 'Micrófono', 'Micrófono profesional para grabación', 12999, 7, 4),
(44, 'Altavoz Inteligente', 'Asistente de voz con altavoz integrado', 12999, 19, 4),
(45, 'Antena Wi-Fi', 'Amplificador de señal inalámbrico', 3999, 32, 6),
(46, 'Climatizador', 'Aire acondicionado portátil con control remoto', 29999, 3, 3),
(47, 'Raspberry Pi', 'Kit de desarrollo con Raspberry Pi 4', 12999, 13, 1),
(48, 'Capturadora', 'Placa de captura de video de alta resolución', 14999, 10, 2),
(49, 'Smart Plug', 'Enchufe inteligente compatible con asistentes virtuales', 3999, 42, 5),
(50, 'Timbre Inteligente', 'Timbre con cámara y conexión a Wi-Fi', 14999, 10, 5);

INSERT IGNORE INTO comentarios (id, id_producto, id_usuario, comentario, fecha) VALUES
(1, 1, 1, 'Excelente rendimiento; muy rápida. ¡Me encanta!', '2025-05-01 00:00:00'),
(2, 2, 2, 'Buena cámara pero la batería dura poco.', '2025-05-03 00:00:00'),
(3, 3, 3, 'No me gustó; pantalla de baja calidad.', '2025-05-05 00:00:00'),
(4, 4, 4, 'Sonido aceptable pero el material parece frágil.', '2025-05-06 00:00:00'),
(5, 5, 5, 'Muy buen teclado mecánico; excelente respuesta.', '2025-05-08 00:00:00'),
(6, 6, 2, 'El sensor no es tan preciso como esperaba.', '2025-05-10 00:00:00'),
(7, 7, 3, 'Colores vibrantes y buena resolución. Muy satisfecho.', '2025-05-12 00:00:00'),
(8, 8, 1, 'Tarda mucho en imprimir; no me convence.', '2025-05-13 00:00:00'),
(9, 9, 4, 'Increíble calidad de imagen; fotos súper nítidas.', '2025-05-15 00:00:00'),
(10, 10, 5, 'Buena batería; pero la pantalla no es muy brillante.', '2025-05-18 00:00:00'),
(11, 11, 6, 'Comodidad espectacular; perfecto para largas sesiones de juego.', '2025-05-20 00:00:00'),
(12, 12, 7, 'Calienta bien pero hace mucho ruido.', '2025-05-22 00:00:00'),
(13, 13, 8, 'Espacioso y enfría rápido; muy recomendado.', '2025-05-24 00:00:00'),
(14, 14, 9, 'Lava bien pero el ciclo es muy largo.', '2025-05-26 00:00:00'),
(15, 15, 10, 'Hace café delicioso; fácil de usar.', '2025-05-28 00:00:00'),
(16, 16, 11, 'Muy divertido pero la batería dura poco.', '2025-05-30 00:00:00'),
(17, 17, 12, 'Sonido potente y buena conexión Bluetooth.', '2025-06-01 00:00:00'),
(18, 18, 13, 'Perfecta para grabaciones profesionales.', '2025-06-03 00:00:00'),
(19, 19, 14, 'Imagen excelente pero el sonido podría mejorar.', '2025-06-07 00:00:00'),
(20, 20, 15, 'Carga bien pero es un poco pesada.', '2025-06-09 00:00:00'),
(21, 21, 16, 'Gran capacidad de almacenamiento; funciona rápido.', '2025-06-11 00:00:00'),
(22, 22, 17, 'Buen tamaño pero la velocidad de transferencia es baja.', '2025-06-13 00:00:00'),
(23, 23, 18, 'Señal potente; cubre toda la casa.', '2025-06-15 00:00:00'),
(24, 24, 19, 'Cómodo y resistente; ideal para gaming.', '2025-06-17 00:00:00'),
(25, 25, 20, 'Funciona bien pero los cables son muy cortos.', '2025-06-19 00:00:00'),
(26, 26, 21, 'Velocidad increíble; mi PC va mucho más rápido ahora.', '2025-06-21 00:00:00'),
(27, 27, 22, 'Sonido envolvente; muy buena compra.', '2025-06-23 00:00:00'),
(28, 28, 23, 'Imagen clara pero el micrófono es deficiente.', '2025-06-25 00:00:00'),
(29, 29, 24, 'Rendimiento impecable; ideal para gaming y diseño.', '2025-06-26 00:00:00'),
(30, 30, 25, 'Buenas prestaciones pero la instalación fue complicada.', '2025-06-27 00:00:00'),
(31, 31, 26, 'Expande muy bien el rendimiento del sistema.', '2025-06-29 00:00:00'),
(32, 32, 27, 'Energía confiable pero la batería es pequeña.', '2025-07-01 00:00:00'),
(33, 33, 28, 'Fácil de usar; reconoce muchos dispositivos.', '2025-07-03 00:00:00'),
(34, 34, 29, 'Regula bien la temperatura; intuitivo de usar.', '2025-07-05 00:00:00'),
(35, 35, 30, 'Seguridad y tecnología en un solo dispositivo.', '2025-07-09 00:00:00'),
(36, 36, 31, 'Imagen nítida pero requiere una sala oscura.', '2025-07-11 00:00:00'),
(37, 37, 31, 'Buena velocidad de conexión; estable.', '2025-07-15 00:00:00'),
(38, 38, 32, 'Pantalla atractiva pero la batería dura poco.', '2025-07-16 00:00:00'),
(39, 39, 32, 'Buenas opciones de colores; buen diseño.', '2025-07-17 00:00:00'),
(40, 40, 33, 'Protege bien contra variaciones de voltaje.', '2025-07-18 00:00:00'),
(41, 41, 34, 'Carga rápido pero requiere posicionamiento preciso.', '2025-07-19 00:00:00'),
(42, 42, 34, 'Mucho espacio; resistente y confiable.', '2025-07-23 00:00:00'),
(43, 43, 35, 'Calidad de sonido profesional; ideal para podcast.', '2025-07-25 00:00:00'),
(44, 44, 36, 'Responde bien a comandos de voz; útil en casa.', '2025-07-27 00:00:00'),
(45, 45, 37, 'Amplifica bien la señal pero el rango es limitado.', '2025-07-29 00:00:00'),
(46, 46, 37, 'Enfría rápido pero es algo ruidoso.', '2025-08-03 00:00:00'),
(47, 47, 38, 'Perfecto para proyectos electrónicos y programación.', '2025-08-06 00:00:00'),
(48, 48, 39, 'Ideal para streaming y grabaciones en alta calidad.', '2025-08-02 00:00:00'),
(49, 49, 40, 'Muy práctico; fácil de conectar y configurar.', '2025-08-04 00:00:00'),
(50, 50, 41, 'Buena cámara; útil para seguridad.', '2025-08-06 00:00:00');
